encuesta,variable,tabla,pregunta,elemento
ENUT,UPM,thogar,Número de UPM,Identificación
ENUT,VIV_SEL,thogar,Número de vivienda seleccionada,Identificación
ENUT,HOGAR,thogar,Número de Hogar,Identificación
ENUT,N_INF,thogar,Número de renglón del informante,Identificación
ENUT,p2_6_1,thogar,¿En este hogar contratan trabajadoras(es) domésticas(os) de entrada por salida (o de vez en cuando)?,Trabajadores en el hogar
ENUT,p2_7_1,thogar,¿Cuántas(os) son?,Trabajadores en el hogar
ENUT,p2_8_1,thogar,En total ¿cuántas horas trabajó(aron) para este hogar la semana pasada?,Trabajadores en el hogar
ENUT,p2_6_2,thogar,¿En este hogar contratan trabajadoras(es) domésticas(os) que vivan aquí?,Trabajadores en el hogar
ENUT,p2_7_2,thogar,¿Cuántas(os) son?,Trabajadores en el hogar
ENUT,p2_8_2,thogar,En total ¿cuántas horas trabajó(aron) para este hogar la semana pasada?,Trabajadores en el hogar
ENUT,p2_6_3,thogar,"¿En este hogar contratan enfermeras(os) o cuidadoras(es) de niñas, niños o de personas mayores o con alguna discapacidad o enfermedad?",Trabajadores en el hogar
ENUT,p2_7_3,thogar,¿Cuántas(os) son?,Trabajadores en el hogar
ENUT,p2_8_3,thogar,En total ¿cuántas horas trabajó(aron) para este hogar la semana pasada?,Trabajadores en el hogar
ENUT,p3_11,thogar,"La semana pasada, ¿una o más personas de este hogar necesitaron de los cuidados de otra persona por tener discapacidad, enfermedad crónica o temporal?",Cuidados especiales por discapacidad o enfermedad
ENUT,NUM_PER,thogar,Total de personas en el hogar,Identificación
ENUT,EST_DIS,thogar,ESTRATO DE DISEÑO MUESTRAL,Identificación
ENUT,UPM_DIS,thogar,CLAVE DE LA UNIDAD PRIMARIA DE MUESTREO,Identificación
ENUT,FAC_HOG,thogar,FACTOR DE HOGAR,Identificación
ENUT,UPM,tsdem,Número de UPM,Identificación
ENUT,VIV_SEL,tsdem,Número de vivienda seleccionada,Identificación
ENUT,HOGAR,tsdem,Número de Hogar,Identificación
ENUT,N_REN,tsdem,Número de renglón de la persona de la entrevista individual,Identificación
ENUT,PAREN,tsdem,¿Qué es (NOMBRE) del jefe(a) del hogar?,Parentezco con jefe de hogar
ENUT,SEXO,tsdem,(NOMBRE) es hombre (NOMBRE) es mujer,Sexo
ENUT,EDAD,tsdem,¿Cuántos años cumplidos tiene (NOMBRE)?,Edad
ENUT,p3_6,tsdem,¿(NOMBRE) está afiliado(a) o tiene derecho a los servicios médicos en…,Afiliación a servicios sociales
ENUT,p3_10,tsdem,¿Cuál es la razón principal por la que (NOMBRE) no asiste o dejó de asistir a la escuela?,Razon de no asistencia a escuela
ENUT,p3_11b,tsdem,Pregunta P3.11B ¿(NOMBRE)…,Identificación
ENUT,upm,tmodulo,Número de UPM,Identificación
ENUT,ent,tmodulo,Entidad,Identificación
ENUT,viv_sel,tmodulo,Número de vivienda seleccionada,Identificación
ENUT,hogar,tmodulo,Número de Hogar,Identificación
ENUT,n_ren,tmodulo,Número de renglón de la persona de la entrevista individual,Identificación
ENUT,p5_1,tmodulo,"Durante la semana pasada, ¿usted trabajó al menos una hora?",Condición de actividad
ENUT,p5_3_1,tmodulo,"Durante la semana pasada, ¿cuánto tiempo en total dedicó a trabajar (su actividad) de lunes a viernes? - HORAS",Tiempo de trabajo
ENUT,p5_3_3,tmodulo,"Durante la semana pasada, ¿cuánto tiempo en total dedicó a trabajar (su actividad) sábado y domingo? - HORAS",Tiempo de trabajo
ENUT,P5_5,tmodulo,En su trabajo (actividad) (principal) de la semana pasada ¿usted fue...,Posición en la ocupación
ENUT,p5_6_1,tmodulo,"Aunque no las use, ¿en su trabajo (principal) tiene derecho a licencia o permiso con sueldo por enfermedad, accidente o maternidad (paternidad)?",Prestaciones Sociales en el trabajo
ENUT,p5_6_2,tmodulo,"Aunque no las use, ¿en su trabajo (principal) tiene derecho a vacaciones pagadas?",Prestaciones Sociales en el trabajo
ENUT,p5_6_3,tmodulo,"Aunque no las use, ¿en su trabajo (principal) tiene derecho a jubilación, pensión o sistema de ahorro para el retiro?",Prestaciones Sociales en el trabajo
ENUT,p5_6_4,tmodulo,"Aunque no las use, ¿en su trabajo (principal) tiene derecho a guardería o estancia infantil?",Prestaciones Sociales en el trabajo
ENUT,p5_6_5,tmodulo,"Aunque no las use, ¿en su trabajo (principal) tiene derecho a licencia por cuidados maternos (paternos)?",Prestaciones Sociales en el trabajo
ENUT,p5_6_6,tmodulo,"Aunque no las use, ¿en su trabajo (principal) tiene derecho a servicio médico (IMSS, ISSSTE, entre otros)?",Prestaciones Sociales en el trabajo
ENUT,p5_6_7,tmodulo,"Aunque no las use, ¿en su trabajo (principal) tiene derecho a ... Otras prestaciones",Prestaciones Sociales en el trabajo
ENUT,p5_7,tmodulo,¿Cuánto gana o recibe usted por trabajar (su actividad)?,Ingresos por trabajo
ENUT,p5_7a,tmodulo,¿Cada cuándo?,Ingresos por trabajo
ENUT,p5_8,tmodulo,"Entonces, ¿la semana pasada…",Buscadores de trabajo y PNEA
ENUT,fp6_11,tmodulo,VERIFIQUE SI HAY INTEGRANTES QUE NECESITARON CUIDADOS ESPECIALES (PREGUNTA 3.11 = 1),"Cuidados a personas dependientes por discapacidad, enfermedad crónica o temporal"
ENUT,p6_11_01,tmodulo,"(NOMBRE(S)) necesitó(aron) cuidados de otra persona Durante la semana pasada, sea en la casa, hospital u otro lugar, ¿usted le(s) dio de comer o ayudó a hacerlo?","Cuidados a personas dependientes por discapacidad, enfermedad crónica o temporal"
ENUT,p6_11a_01_1,tmodulo,¿Cuánto tiempo le dedicó de lunes a viernes? - HORAS,"Cuidados a personas dependientes por discapacidad, enfermedad crónica o temporal"
ENUT,p6_11a_01_2,tmodulo,¿Cuánto tiempo le dedicó de lunes a viernes? - MINUTOS,"Cuidados a personas dependientes por discapacidad, enfermedad crónica o temporal"
ENUT,p6_11a_01_3,tmodulo,¿Cuánto tiempo le dedicó sábado y domingo? - HORAS,"Cuidados a personas dependientes por discapacidad, enfermedad crónica o temporal"
ENUT,p6_11a_01_4,tmodulo,¿Cuánto tiempo le dedicó sábado y domingo? - MINUTOS,"Cuidados a personas dependientes por discapacidad, enfermedad crónica o temporal"
ENUT,p6_11_02,tmodulo,"(NOMBRE(S)) necesitó(aron) cuidados de otra persona Durante la semana pasada, sea en la casa, hospital u otro lugar, ¿usted lo(s) bañó, aseó, vistió, arregló o ayudó a hacerlo?","Cuidados a personas dependientes por discapacidad, enfermedad crónica o temporal"
ENUT,p6_11a_02_1,tmodulo,¿Cuánto tiempo le dedicó de lunes a viernes? - HORAS,"Cuidados a personas dependientes por discapacidad, enfermedad crónica o temporal"
ENUT,p6_11a_02_2,tmodulo,¿Cuánto tiempo le dedicó de lunes a viernes? - MINUTOS,"Cuidados a personas dependientes por discapacidad, enfermedad crónica o temporal"
ENUT,p6_11a_02_3,tmodulo,¿Cuánto tiempo le dedicó sábado y domingo? - HORAS,"Cuidados a personas dependientes por discapacidad, enfermedad crónica o temporal"
ENUT,p6_11a_02_4,tmodulo,¿Cuánto tiempo le dedicó sábado y domingo? - MINUTOS,"Cuidados a personas dependientes por discapacidad, enfermedad crónica o temporal"
ENUT,p6_11_03,tmodulo,"(NOMBRE(S)) necesitó(aron) cuidados de otra persona Durante la semana pasada, sea en la casa, hospital u otro lugar, ¿usted lo(s) cargó, acostó o le(s) ayudó a hacerlo?","Cuidados a personas dependientes por discapacidad, enfermedad crónica o temporal"
ENUT,p6_11a_03_1,tmodulo,¿Cuánto tiempo le dedicó de lunes a viernes? - HORAS,"Cuidados a personas dependientes por discapacidad, enfermedad crónica o temporal"
ENUT,p6_11a_03_2,tmodulo,¿Cuánto tiempo le dedicó de lunes a viernes? - MINUTOS,"Cuidados a personas dependientes por discapacidad, enfermedad crónica o temporal"
ENUT,p6_11a_03_3,tmodulo,¿Cuánto tiempo le dedicó sábado y domingo? - HORAS,"Cuidados a personas dependientes por discapacidad, enfermedad crónica o temporal"
ENUT,p6_11a_03_4,tmodulo,¿Cuánto tiempo le dedicó sábado y domingo? - MINUTOS,"Cuidados a personas dependientes por discapacidad, enfermedad crónica o temporal"
ENUT,p6_11_04,tmodulo,"(NOMBRE(S)) necesitó(aron) cuidados de otra persona Durante la semana pasada, sea en la casa, hospital u otro lugar, ¿usted le(s) preparó remedios caseros o algún alimento especial?","Cuidados a personas dependientes por discapacidad, enfermedad crónica o temporal"
ENUT,p6_11a_04_1,tmodulo,¿Cuánto tiempo le dedicó de lunes a viernes? - HORAS,"Cuidados a personas dependientes por discapacidad, enfermedad crónica o temporal"
ENUT,p6_11a_04_2,tmodulo,¿Cuánto tiempo le dedicó de lunes a viernes? - MINUTOS,"Cuidados a personas dependientes por discapacidad, enfermedad crónica o temporal"
ENUT,p6_11a_04_3,tmodulo,¿Cuánto tiempo le dedicó sábado y domingo? - HORAS,"Cuidados a personas dependientes por discapacidad, enfermedad crónica o temporal"
ENUT,p6_11a_04_4,tmodulo,¿Cuánto tiempo le dedicó sábado y domingo? - MINUTOS,"Cuidados a personas dependientes por discapacidad, enfermedad crónica o temporal"
ENUT,p6_11_05,tmodulo,"(NOMBRE(S)) necesitó(aron) cuidados de otra persona Durante la semana pasada, sea en la casa, hospital u otro lugar, ¿usted le(s) dio medicamentos o checó sus síntomas? (temperatura, presión, otros)","Cuidados a personas dependientes por discapacidad, enfermedad crónica o temporal"
ENUT,p6_11a_05_1,tmodulo,¿Cuánto tiempo le dedicó de lunes a viernes? - HORAS,"Cuidados a personas dependientes por discapacidad, enfermedad crónica o temporal"
ENUT,p6_11a_05_2,tmodulo,¿Cuánto tiempo le dedicó de lunes a viernes? - MINUTOS,"Cuidados a personas dependientes por discapacidad, enfermedad crónica o temporal"
ENUT,p6_11a_05_3,tmodulo,¿Cuánto tiempo le dedicó sábado y domingo? - HORAS,"Cuidados a personas dependientes por discapacidad, enfermedad crónica o temporal"
ENUT,p6_11a_05_4,tmodulo,¿Cuánto tiempo le dedicó sábado y domingo? - MINUTOS,"Cuidados a personas dependientes por discapacidad, enfermedad crónica o temporal"
ENUT,p6_11_06,tmodulo,"(NOMBRE(S)) necesitó(aron) cuidados de otra persona Durante la semana pasada, sea en la casa, hospital u otro lugar, ¿usted lo(s) llevó, recogió o esperó para que recibiera(n) atención de salud (exámenes, visitas al médico, etc.) o alguna terapia especial?","Cuidados a personas dependientes por discapacidad, enfermedad crónica o temporal"
ENUT,p6_11a_06_1,tmodulo,¿Cuánto tiempo le dedicó de lunes a viernes? - HORAS,"Cuidados a personas dependientes por discapacidad, enfermedad crónica o temporal"
ENUT,p6_11a_06_2,tmodulo,¿Cuánto tiempo le dedicó de lunes a viernes? - MINUTOS,"Cuidados a personas dependientes por discapacidad, enfermedad crónica o temporal"
ENUT,p6_11a_06_3,tmodulo,¿Cuánto tiempo le dedicó sábado y domingo? - HORAS,"Cuidados a personas dependientes por discapacidad, enfermedad crónica o temporal"
ENUT,p6_11a_06_4,tmodulo,¿Cuánto tiempo le dedicó sábado y domingo? - MINUTOS,"Cuidados a personas dependientes por discapacidad, enfermedad crónica o temporal"
ENUT,p6_11_07,tmodulo,"(NOMBRE(S)) necesitó(aron) cuidados de otra persona Durante la semana pasada, sea en la casa, hospital u otro lugar, ¿usted le(s) dio terapia especial o ayudó a realizar ejercicios?","Cuidados a personas dependientes por discapacidad, enfermedad crónica o temporal"
ENUT,p6_11a_07_1,tmodulo,¿Cuánto tiempo le dedicó de lunes a viernes? - HORAS,"Cuidados a personas dependientes por discapacidad, enfermedad crónica o temporal"
ENUT,p6_11a_07_2,tmodulo,¿Cuánto tiempo le dedicó de lunes a viernes? - MINUTOS,"Cuidados a personas dependientes por discapacidad, enfermedad crónica o temporal"
ENUT,p6_11a_07_3,tmodulo,¿Cuánto tiempo le dedicó sábado y domingo? - HORAS,"Cuidados a personas dependientes por discapacidad, enfermedad crónica o temporal"
ENUT,p6_11a_07_4,tmodulo,¿Cuánto tiempo le dedicó sábado y domingo? - MINUTOS,"Cuidados a personas dependientes por discapacidad, enfermedad crónica o temporal"
ENUT,p6_11_08,tmodulo,"(NOMBRE(S)) necesitó(aron) cuidados de otra persona Durante la semana pasada, sea en la casa, hospital u otro lugar, ¿usted lo(s) llevó y/o recogió de clases, trabajo u otro lugar?","Cuidados a personas dependientes por discapacidad, enfermedad crónica o temporal"
ENUT,p6_11a_08_1,tmodulo,¿Cuánto tiempo le dedicó de lunes a viernes? - HORAS,"Cuidados a personas dependientes por discapacidad, enfermedad crónica o temporal"
ENUT,p6_11a_08_2,tmodulo,¿Cuánto tiempo le dedicó de lunes a viernes? - MINUTOS,"Cuidados a personas dependientes por discapacidad, enfermedad crónica o temporal"
ENUT,p6_11a_08_3,tmodulo,¿Cuánto tiempo le dedicó sábado y domingo? - HORAS,"Cuidados a personas dependientes por discapacidad, enfermedad crónica o temporal"
ENUT,p6_11a_08_4,tmodulo,¿Cuánto tiempo le dedicó sábado y domingo? - MINUTOS,"Cuidados a personas dependientes por discapacidad, enfermedad crónica o temporal"
ENUT,p6_11_09,tmodulo,"(NOMBRE(S)) necesitó(aron) cuidados de otra persona Durante la semana pasada, sea en la casa, hospital u otro lugar, ¿usted lo(s) ayudó o apoyó en las tareas de la escuela o trabajo?","Cuidados a personas dependientes por discapacidad, enfermedad crónica o temporal"
ENUT,p6_11a_09_1,tmodulo,¿Cuánto tiempo le dedicó de lunes a viernes? - HORAS,"Cuidados a personas dependientes por discapacidad, enfermedad crónica o temporal"
ENUT,p6_11a_09_2,tmodulo,¿Cuánto tiempo le dedicó de lunes a viernes? - MINUTOS,"Cuidados a personas dependientes por discapacidad, enfermedad crónica o temporal"
ENUT,p6_11a_09_3,tmodulo,¿Cuánto tiempo le dedicó sábado y domingo? - HORAS,"Cuidados a personas dependientes por discapacidad, enfermedad crónica o temporal"
ENUT,p6_11a_09_4,tmodulo,¿Cuánto tiempo le dedicó sábado y domingo? - MINUTOS,"Cuidados a personas dependientes por discapacidad, enfermedad crónica o temporal"
ENUT,p6_11_11,tmodulo,"(NOMBRE(S)) necesitó(aron) cuidados de otra persona Durante la semana pasada, sea en la casa, hospital u otro lugar, ¿usted mientras hacía otra cosa, lo(s) cuidó o estuvo al pendiente?","Cuidados a personas dependientes por discapacidad, enfermedad crónica o temporal"
ENUT,p6_11a_11_1,tmodulo,¿Cuánto tiempo le dedicó de lunes a viernes? - HORAS,"Cuidados a personas dependientes por discapacidad, enfermedad crónica o temporal"
ENUT,p6_11a_11_2,tmodulo,¿Cuánto tiempo le dedicó de lunes a viernes? - MINUTOS,"Cuidados a personas dependientes por discapacidad, enfermedad crónica o temporal"
ENUT,p6_11a_11_3,tmodulo,¿Cuánto tiempo le dedicó sábado y domingo? - HORAS,"Cuidados a personas dependientes por discapacidad, enfermedad crónica o temporal"
ENUT,p6_11a_11_4,tmodulo,¿Cuánto tiempo le dedicó sábado y domingo? - MINUTOS,"Cuidados a personas dependientes por discapacidad, enfermedad crónica o temporal"
ENUT,fp6_15,tmodulo,VERIFIQUE SI HAY INTEGRANTES DE 60 AÑOS Y MÁS Y SIN CUIDADOS ESPECIALES (SU NOMBRE Y/O NÚMERO DE RENGLÓN NO ESTÁ EN 3.11a),"Cuidado a integrantes del hogar de 60 años y más, no dependientes"
ENUT,p6_15_1,tmodulo,"Durante la semana pasada, ¿usted a (NOMBRE(S)) lo(s) apoyó o asesoró en el uso de la computadora, celular, internet o actividades relacionadas con sus cursos o clases?","Cuidado a integrantes del hogar de 60 años y más, no dependientes"
ENUT,p6_15a_1_1,tmodulo,¿Cuánto tiempo le dedicó de lunes a viernes? - HORAS,"Cuidado a integrantes del hogar de 60 años y más, no dependientes"
ENUT,p6_15a_1_2,tmodulo,¿Cuánto tiempo le dedicó de lunes a viernes? - MINUTOS,"Cuidado a integrantes del hogar de 60 años y más, no dependientes"
ENUT,p6_15a_1_3,tmodulo,¿Cuánto tiempo le dedicó sábado y domingo? - HORAS,"Cuidado a integrantes del hogar de 60 años y más, no dependientes"
ENUT,p6_15a_1_4,tmodulo,¿Cuánto tiempo le dedicó sábado y domingo? - MINUTOS,"Cuidado a integrantes del hogar de 60 años y más, no dependientes"
ENUT,p6_15_2,tmodulo,"Durante la semana pasada, ¿usted a (NOMBRE(S)) lo(s) llevó, recogió o esperó para que recibiera(n) atención de salud? (vacunas, dentista, chequeo médico, etcétera)","Cuidado a integrantes del hogar de 60 años y más, no dependientes"
ENUT,p6_15a_2_1,tmodulo,¿Cuánto tiempo le dedicó de lunes a viernes? - HORAS,"Cuidado a integrantes del hogar de 60 años y más, no dependientes"
ENUT,p6_15a_2_2,tmodulo,¿Cuánto tiempo le dedicó de lunes a viernes? - MINUTOS,"Cuidado a integrantes del hogar de 60 años y más, no dependientes"
ENUT,p6_15a_2_3,tmodulo,¿Cuánto tiempo le dedicó sábado y domingo? - HORAS,"Cuidado a integrantes del hogar de 60 años y más, no dependientes"
ENUT,p6_15a_2_4,tmodulo,¿Cuánto tiempo le dedicó sábado y domingo? - MINUTOS,"Cuidado a integrantes del hogar de 60 años y más, no dependientes"
ENUT,p6_15_3,tmodulo,"Durante la semana pasada, ¿usted a (NOMBRE(S)) lo(s) llevó y/o recogió del trabajo, de algún trámite u otro lugar?","Cuidado a integrantes del hogar de 60 años y más, no dependientes"
ENUT,p6_15a_3_1,tmodulo,¿Cuánto tiempo le dedicó de lunes a viernes? - HORAS,"Cuidado a integrantes del hogar de 60 años y más, no dependientes"
ENUT,p6_15a_3_2,tmodulo,¿Cuánto tiempo le dedicó de lunes a viernes? - MINUTOS,"Cuidado a integrantes del hogar de 60 años y más, no dependientes"
ENUT,p6_15a_3_3,tmodulo,¿Cuánto tiempo le dedicó sábado y domingo? - HORAS,"Cuidado a integrantes del hogar de 60 años y más, no dependientes"
ENUT,p6_15a_3_4,tmodulo,¿Cuánto tiempo le dedicó sábado y domingo? - MINUTOS,"Cuidado a integrantes del hogar de 60 años y más, no dependientes"
ENUT,p6_15_4,tmodulo,"Durante la semana pasada, ¿usted a (NOMBRE(S)) mientras hacía otra cosa, lo(s) cuidó o estuvo al pendiente?","Cuidado a integrantes del hogar de 60 años y más, no dependientes"
ENUT,p6_15a_4_1,tmodulo,¿Cuánto tiempo le dedicó de lunes a viernes? - HORAS,"Cuidado a integrantes del hogar de 60 años y más, no dependientes"
ENUT,p6_15a_4_2,tmodulo,¿Cuánto tiempo le dedicó de lunes a viernes? - MINUTOS,"Cuidado a integrantes del hogar de 60 años y más, no dependientes"
ENUT,p6_15a_4_3,tmodulo,¿Cuánto tiempo le dedicó sábado y domingo? - HORAS,"Cuidado a integrantes del hogar de 60 años y más, no dependientes"
ENUT,p6_15a_4_4,tmodulo,¿Cuánto tiempo le dedicó sábado y domingo? - MINUTOS,"Cuidado a integrantes del hogar de 60 años y más, no dependientes"
ENUT,p6_16_6,tmodulo,"Durante la semana pasada, ¿usted ayudó de manera gratuita a otro hogar en el cuidado de personas de 60 años y más? (llevarlos, recogerlos o esperarlos para hacer cobros, trámites, etcétera)",Apoyo gratuito a otros hogares
ENUT,p6_16a_6_1,tmodulo,¿Cuánto tiempo le dedicó de lunes a viernes? - HORAS,Apoyo gratuito a otros hogares
ENUT,p6_16a_6_2,tmodulo,¿Cuánto tiempo le dedicó de lunes a viernes? - MINUTOS,Apoyo gratuito a otros hogares
ENUT,p6_16a_6_3,tmodulo,¿Cuánto tiempo le dedicó sábado y domingo? - HORAS,Apoyo gratuito a otros hogares
ENUT,p6_16a_6_4,tmodulo,¿Cuánto tiempo le dedicó sábado y domingo? - MINUTOS,Apoyo gratuito a otros hogares
ENUT,p6_3_1,tmodulo,"Durante la semana pasada, SÓLO para el consumo de su hogar, ¿usted cuidó o crió animales de corral (ordeñar, recolectar huevos, etcétera)?",Producción de bienes para consumo exclusivo del hogar 
ENUT,p6_3a_1_1,tmodulo,¿Cuánto tiempo le dedicó de lunes a viernes? - HORAS,Producción de bienes para consumo exclusivo del hogar 
ENUT,p6_3a_1_2,tmodulo,¿Cuánto tiempo le dedicó de lunes a viernes? - MINUTOS,Producción de bienes para consumo exclusivo del hogar 
ENUT,p6_3a_1_3,tmodulo,¿Cuánto tiempo le dedicó sábado y domingo? - HORAS,Producción de bienes para consumo exclusivo del hogar 
ENUT,p6_3a_1_4,tmodulo,¿Cuánto tiempo le dedicó sábado y domingo? - MINUTOS,Producción de bienes para consumo exclusivo del hogar 
ENUT,p6_3_2,tmodulo,"Durante la semana pasada, SÓLO para el consumo de su hogar, ¿usted recolectó leña?",Producción de bienes para consumo exclusivo del hogar 
ENUT,p6_3a_2_1,tmodulo,¿Cuánto tiempo le dedicó de lunes a viernes? - HORAS,Producción de bienes para consumo exclusivo del hogar 
ENUT,p6_3a_2_2,tmodulo,¿Cuánto tiempo le dedicó de lunes a viernes? - MINUTOS,Producción de bienes para consumo exclusivo del hogar 
ENUT,p6_3a_2_3,tmodulo,¿Cuánto tiempo le dedicó sábado y domingo? - HORAS,Producción de bienes para consumo exclusivo del hogar 
ENUT,p6_3a_2_4,tmodulo,¿Cuánto tiempo le dedicó sábado y domingo? - MINUTOS,Producción de bienes para consumo exclusivo del hogar 
ENUT,p6_3_3,tmodulo,"Durante la semana pasada, SÓLO para el consumo de su hogar, ¿usted recolectó plantas, hongos, flores o frutos silvestres; pescó o cazó?",Producción de bienes para consumo exclusivo del hogar 
ENUT,p6_3a_3_1,tmodulo,¿Cuánto tiempo le dedicó de lunes a viernes? - HORAS,Producción de bienes para consumo exclusivo del hogar 
ENUT,p6_3a_3_2,tmodulo,¿Cuánto tiempo le dedicó de lunes a viernes? - MINUTOS,Producción de bienes para consumo exclusivo del hogar 
ENUT,p6_3a_3_3,tmodulo,¿Cuánto tiempo le dedicó sábado y domingo? - HORAS,Producción de bienes para consumo exclusivo del hogar 
ENUT,p6_3a_3_4,tmodulo,¿Cuánto tiempo le dedicó sábado y domingo? - MINUTOS,Producción de bienes para consumo exclusivo del hogar 
ENUT,p6_3_4,tmodulo,"Durante la semana pasada, SÓLO para el consumo de su hogar, ¿usted sembró o cuidó lo que plantó en el traspatio o huerto?",Producción de bienes para consumo exclusivo del hogar 
ENUT,p6_3a_4_1,tmodulo,¿Cuánto tiempo le dedicó de lunes a viernes? - HORAS,Producción de bienes para consumo exclusivo del hogar 
ENUT,p6_3a_4_2,tmodulo,¿Cuánto tiempo le dedicó de lunes a viernes? - MINUTOS,Producción de bienes para consumo exclusivo del hogar 
ENUT,p6_3a_4_3,tmodulo,¿Cuánto tiempo le dedicó sábado y domingo? - HORAS,Producción de bienes para consumo exclusivo del hogar 
ENUT,p6_3a_4_4,tmodulo,¿Cuánto tiempo le dedicó sábado y domingo? - MINUTOS,Producción de bienes para consumo exclusivo del hogar 
ENUT,p6_3_5,tmodulo,"Durante la semana pasada, SÓLO para el consumo de su hogar, ¿usted acarreó o almacenó agua?",Producción de bienes para consumo exclusivo del hogar 
ENUT,p6_3a_5_1,tmodulo,¿Cuánto tiempo le dedicó de lunes a viernes? - HORAS,Producción de bienes para consumo exclusivo del hogar 
ENUT,p6_3a_5_2,tmodulo,¿Cuánto tiempo le dedicó de lunes a viernes? - MINUTOS,Producción de bienes para consumo exclusivo del hogar 
ENUT,p6_3a_5_3,tmodulo,¿Cuánto tiempo le dedicó sábado y domingo? - HORAS,Producción de bienes para consumo exclusivo del hogar 
ENUT,p6_3a_5_4,tmodulo,¿Cuánto tiempo le dedicó sábado y domingo? - MINUTOS,Producción de bienes para consumo exclusivo del hogar 
ENUT,p6_3_6,tmodulo,"Durante la semana pasada, SÓLO para el consumo de su hogar, ¿usted elaboró o tejió ropa, manteles, cortinas o textiles, etcétera?",Producción de bienes para consumo exclusivo del hogar 
ENUT,p6_3a_6_1,tmodulo,¿Cuánto tiempo le dedicó de lunes a viernes? - HORAS,Producción de bienes para consumo exclusivo del hogar 
ENUT,p6_3a_6_2,tmodulo,¿Cuánto tiempo le dedicó de lunes a viernes ? - MINUTOS,Producción de bienes para consumo exclusivo del hogar 
ENUT,p6_3a_6_3,tmodulo,¿Cuánto tiempo le dedicó sábado y domingo? - HORAS,Producción de bienes para consumo exclusivo del hogar 
ENUT,p6_3a_6_4,tmodulo,¿Cuánto tiempo le dedicó sábado y domingo? - MINUTOS,Producción de bienes para consumo exclusivo del hogar 
ENUT,p6_3_7,tmodulo,"Durante la semana pasada, SÓLO para el consumo de su hogar, ¿usted elaboró alimentos para conservarse o almacenarse? (mermeladas, conservas, encurtidos, salar carne, chocolate, pan, quesos u otros)",Producción de bienes para consumo exclusivo del hogar 
ENUT,p6_3a_7_1,tmodulo,¿Cuánto tiempo le dedicó de lunes a viernes? - HORAS,Producción de bienes para consumo exclusivo del hogar 
ENUT,p6_3a_7_2,tmodulo,¿Cuánto tiempo le dedicó de lunes a viernes? - MINUTOS,Producción de bienes para consumo exclusivo del hogar 
ENUT,p6_3a_7_3,tmodulo,¿Cuánto tiempo le dedicó sábado y domingo? - HORAS,Producción de bienes para consumo exclusivo del hogar 
ENUT,p6_3a_7_4,tmodulo,¿Cuánto tiempo le dedicó sábado y domingo? - MINUTOS,Producción de bienes para consumo exclusivo del hogar 
ENUT,p6_3_8,tmodulo,"Durante la semana pasada, SÓLO para el consumo de su hogar, ¿usted hizo muebles, utensilios de cocina, blocks, adobes u otros productos?",Producción de bienes para consumo exclusivo del hogar 
ENUT,p6_3a_8_1,tmodulo,¿Cuánto tiempo le dedicó de lunes a viernes? - HORAS,Producción de bienes para consumo exclusivo del hogar 
ENUT,p6_3a_8_2,tmodulo,¿Cuánto tiempo le dedicó de lunes a viernes? - MINUTOS,Producción de bienes para consumo exclusivo del hogar 
ENUT,p6_3a_8_3,tmodulo,¿Cuánto tiempo le dedicó sábado y domingo? - HORAS,Producción de bienes para consumo exclusivo del hogar 
ENUT,p6_3a_8_4,tmodulo,¿Cuánto tiempo le dedicó sábado y domingo? - MINUTOS,Producción de bienes para consumo exclusivo del hogar 
ENUT,p6_3_9,tmodulo,"Durante la semana pasada, SÓLO para el consumo de su hogar, ¿usted amplió o remodeló usted mismo(a) su vivienda o la estuvo construyendo?",Producción de bienes para consumo exclusivo del hogar 
ENUT,p6_3a_9_1,tmodulo,¿Cuánto tiempo le dedicó de lunes a viernes? - HORAS,Producción de bienes para consumo exclusivo del hogar 
ENUT,p6_3a_9_2,tmodulo,¿Cuánto tiempo le dedicó de lunes a viernes? - MINUTOS,Producción de bienes para consumo exclusivo del hogar 
ENUT,p6_3a_9_3,tmodulo,¿Cuánto tiempo le dedicó sábado y domingo? - HORAS,Producción de bienes para consumo exclusivo del hogar 
ENUT,p6_3a_9_4,tmodulo,¿Cuánto tiempo le dedicó sábado y domingo? - MINUTOS,Producción de bienes para consumo exclusivo del hogar 
ENUT,p6_4_1,tmodulo,"Durante la semana pasada, ¿usted desgranó maíz, coció o molió el nixtamal o hizo tortillas de maíz o trigo para su hogar?",Preparación y servicio de alimentos para el hogar
ENUT,p6_4a_1_1,tmodulo,¿Cuánto tiempo le dedicó de lunes a viernes? - HORAS,Preparación y servicio de alimentos para el hogar
ENUT,p6_4a_1_2,tmodulo,¿Cuánto tiempo le dedicó de lunes a viernes? - MINUTOS,Preparación y servicio de alimentos para el hogar
ENUT,p6_4a_1_3,tmodulo,¿Cuánto tiempo le dedicó sábado y domingo? - HORAS,Preparación y servicio de alimentos para el hogar
ENUT,p6_4a_1_4,tmodulo,¿Cuánto tiempo le dedicó sábado y domingo? - MINUTOS,Preparación y servicio de alimentos para el hogar
ENUT,p6_4_2,tmodulo,"Durante la semana pasada, ¿usted encendió el fogón, horno o anafre de leña o carbón para preparar o calentar alimentos?",Preparación y servicio de alimentos para el hogar
ENUT,p6_4a_2_1,tmodulo,¿Cuánto tiempo le dedicó de lunes a viernes? - HORAS,Preparación y servicio de alimentos para el hogar
ENUT,p6_4a_2_2,tmodulo,¿Cuánto tiempo le dedicó de lunes a viernes? - MINUTOS,Preparación y servicio de alimentos para el hogar
ENUT,p6_4a_2_3,tmodulo,¿Cuánto tiempo le dedicó sábado y domingo? - HORAS,Preparación y servicio de alimentos para el hogar
ENUT,p6_4a_2_4,tmodulo,¿Cuánto tiempo le dedicó sábado y domingo? - MINUTOS,Preparación y servicio de alimentos para el hogar
ENUT,p6_4_3,tmodulo,"Durante la semana pasada, ¿usted cocinó, preparó o calentó alimentos o bebidas?",Preparación y servicio de alimentos para el hogar
ENUT,p6_4a_3_1,tmodulo,¿Cuánto tiempo le dedicó de lunes a viernes? - HORAS,Preparación y servicio de alimentos para el hogar
ENUT,p6_4a_3_2,tmodulo,¿Cuánto tiempo le dedicó de lunes a viernes? - MINUTOS,Preparación y servicio de alimentos para el hogar
ENUT,p6_4a_3_3,tmodulo,¿Cuánto tiempo le dedicó sábado y domingo? - HORAS,Preparación y servicio de alimentos para el hogar
ENUT,p6_4a_3_4,tmodulo,¿Cuánto tiempo le dedicó sábado y domingo? - MINUTOS,Preparación y servicio de alimentos para el hogar
ENUT,p6_4_4,tmodulo,"Durante la semana pasada, ¿usted sirvió la comida, recogió, lavó, secó o acomodó los trastes?",Preparación y servicio de alimentos para el hogar
ENUT,p6_4a_4_1,tmodulo,¿Cuánto tiempo le dedicó de lunes a viernes? - HORAS,Preparación y servicio de alimentos para el hogar
ENUT,p6_4a_4_2,tmodulo,¿Cuánto tiempo le dedicó de lunes a viernes? - MINUTOS,Preparación y servicio de alimentos para el hogar
ENUT,p6_4a_4_3,tmodulo,¿Cuánto tiempo le dedicó sábado y domingo? - HORAS,Preparación y servicio de alimentos para el hogar
ENUT,p6_4a_4_4,tmodulo,¿Cuánto tiempo le dedicó sábado y domingo? - MINUTOS,Preparación y servicio de alimentos para el hogar
ENUT,p6_4_5,tmodulo,"Durante la semana pasada, ¿usted llevó comida a algún integrante de su hogar a la escuela, trabajo u otro lugar?",Preparación y servicio de alimentos para el hogar
ENUT,p6_4a_5_1,tmodulo,¿Cuánto tiempo le dedicó de lunes a viernes? - HORAS,Preparación y servicio de alimentos para el hogar
ENUT,p6_4a_5_2,tmodulo,¿Cuánto tiempo le dedicó de lunes a viernes? - MINUTOS,Preparación y servicio de alimentos para el hogar
ENUT,p6_4a_5_3,tmodulo,¿Cuánto tiempo le dedicó sábado y domingo? - HORAS,Preparación y servicio de alimentos para el hogar
ENUT,p6_4a_5_4,tmodulo,¿Cuánto tiempo le dedicó sábado y domingo? - MINUTOS,Preparación y servicio de alimentos para el hogar
ENUT,p6_5_1,tmodulo,"Durante la semana pasada, ¿usted barrió la banqueta, cochera o patio de su vivienda?",Limpieza de la vivienda
ENUT,p6_5a_1_1,tmodulo,¿Cuánto tiempo le dedicó de lunes a viernes? - HORAS,Limpieza de la vivienda
ENUT,p6_5a_1_2,tmodulo,¿Cuánto tiempo le dedicó de lunes a viernes? - MINUTOS,Limpieza de la vivienda
ENUT,p6_5a_1_3,tmodulo,¿Cuánto tiempo le dedicó sábado y domingo? - HORAS,Limpieza de la vivienda
ENUT,p6_5a_1_4,tmodulo,¿Cuánto tiempo le dedicó sábado y domingo? - MINUTOS,Limpieza de la vivienda
ENUT,p6_5_2,tmodulo,"Durante la semana pasada, ¿usted limpió o recogió el interior de su vivienda? (ordenar objetos, tender camas, barrer, trapear, sacudir, lavar la cocina, el baño, entre otros)",Limpieza de la vivienda
ENUT,p6_5a_2_1,tmodulo,¿Cuánto tiempo le dedicó de lunes a viernes? - HORAS,Limpieza de la vivienda
ENUT,p6_5a_2_2,tmodulo,¿Cuánto tiempo le dedicó de lunes a viernes? - MINUTOS,Limpieza de la vivienda
ENUT,p6_5a_2_3,tmodulo,¿Cuánto tiempo le dedicó sábado y domingo? - HORAS,Limpieza de la vivienda
ENUT,p6_5a_2_4,tmodulo,¿Cuánto tiempo le dedicó sábado y domingo? - MINUTOS,Limpieza de la vivienda
ENUT,p6_5_3,tmodulo,"Durante la semana pasada, ¿usted recogió, separó, tiró o quemó la basura?",Limpieza de la vivienda
ENUT,p6_5a_3_1,tmodulo,¿Cuánto tiempo le dedicó de lunes a viernes? - HORAS,Limpieza de la vivienda
ENUT,p6_5a_3_2,tmodulo,¿Cuánto tiempo le dedicó de lunes a viernes? - MINUTOS,Limpieza de la vivienda
ENUT,p6_5a_3_3,tmodulo,¿Cuánto tiempo le dedicó sábado y domingo? - HORAS,Limpieza de la vivienda
ENUT,p6_5a_3_4,tmodulo,¿Cuánto tiempo le dedicó sábado y domingo? - MINUTOS,Limpieza de la vivienda
ENUT,p6_5_4,tmodulo,"Durante la semana pasada, ¿usted cuidó o regó macetas y plantas de su patio o jardín?",Limpieza de la vivienda
ENUT,p6_5a_4_1,tmodulo,¿Cuánto tiempo le dedicó de lunes a viernes? - HORAS,Limpieza de la vivienda
ENUT,p6_5a_4_2,tmodulo,¿Cuánto tiempo le dedicó de lunes a viernes? - MINUTOS,Limpieza de la vivienda
ENUT,p6_5a_4_3,tmodulo,¿Cuánto tiempo le dedicó sábado y domingo? - HORAS,Limpieza de la vivienda
ENUT,p6_5a_4_4,tmodulo,¿Cuánto tiempo le dedicó sábado y domingo? - MINUTOS,Limpieza de la vivienda
ENUT,p6_5_5,tmodulo,"Durante la semana pasada, ¿usted limpió, alimentó o cuidó a la(s) mascota(s) (animales de compañía) de su hogar?",Limpieza de la vivienda
ENUT,p6_5a_5_1,tmodulo,¿Cuánto tiempo le dedicó de lunes a viernes? - HORAS,Limpieza de la vivienda
ENUT,p6_5a_5_2,tmodulo,¿Cuánto tiempo le dedicó de lunes a viernes? - MINUTOS,Limpieza de la vivienda
ENUT,p6_5a_5_3,tmodulo,¿Cuánto tiempo le dedicó sábado y domingo? - HORAS,Limpieza de la vivienda
ENUT,p6_5a_5_4,tmodulo,¿Cuánto tiempo le dedicó sábado y domingo? - MINUTOS,Limpieza de la vivienda
ENUT,p6_6_1,tmodulo,"Durante la semana pasada, ¿usted lavó, tendió o puso a secar la ropa? (si lo hizo con máquina, quite el tiempo de operación)",Limpieza y cuidado de ropa y calzado del hogar
ENUT,p6_6a_1_1,tmodulo,¿Cuánto tiempo le dedicó de lunes a viernes? - HORAS,Limpieza y cuidado de ropa y calzado del hogar
ENUT,p6_6a_1_2,tmodulo,¿Cuánto tiempo le dedicó de lunes a viernes? - MINUTOS,Limpieza y cuidado de ropa y calzado del hogar
ENUT,p6_6a_1_3,tmodulo,¿Cuánto tiempo le dedicó sábado y domingo? - HORAS,Limpieza y cuidado de ropa y calzado del hogar
ENUT,p6_6a_1_4,tmodulo,¿Cuánto tiempo le dedicó sábado y domingo? - MINUTOS,Limpieza y cuidado de ropa y calzado del hogar
ENUT,p6_6_2,tmodulo,"Durante la semana pasada, ¿usted planchó la ropa?",Limpieza y cuidado de ropa y calzado del hogar
ENUT,p6_6a_2_1,tmodulo,¿Cuánto tiempo le dedicó de lunes a viernes? - HORAS,Limpieza y cuidado de ropa y calzado del hogar
ENUT,p6_6a_2_2,tmodulo,¿Cuánto tiempo le dedicó de lunes a viernes? - MINUTOS,Limpieza y cuidado de ropa y calzado del hogar
ENUT,p6_6a_2_3,tmodulo,¿Cuánto tiempo le dedicó sábado y domingo? - HORAS,Limpieza y cuidado de ropa y calzado del hogar
ENUT,p6_6a_2_4,tmodulo,¿Cuánto tiempo le dedicó sábado y domingo? - MINUTOS,Limpieza y cuidado de ropa y calzado del hogar
ENUT,p6_6_3,tmodulo,"Durante la semana pasada, ¿usted separó, dobló, acomodó o guardó la ropa?",Limpieza y cuidado de ropa y calzado del hogar
ENUT,p6_6a_3_1,tmodulo,¿Cuánto tiempo le dedicó de lunes a viernes? - HORAS,Limpieza y cuidado de ropa y calzado del hogar
ENUT,p6_6a_3_2,tmodulo,¿Cuánto tiempo le dedicó de lunes a viernes? - MINUTOS,Limpieza y cuidado de ropa y calzado del hogar
ENUT,p6_6a_3_3,tmodulo,¿Cuánto tiempo le dedicó sábado y domingo? - HORAS,Limpieza y cuidado de ropa y calzado del hogar
ENUT,p6_6a_3_4,tmodulo,¿Cuánto tiempo le dedicó sábado y domingo? - MINUTOS,Limpieza y cuidado de ropa y calzado del hogar
ENUT,p6_6_4,tmodulo,"Durante la semana pasada, ¿usted arregló o remendó la ropa, manteles, cortinas o sábanas (excluya confección)?",Limpieza y cuidado de ropa y calzado del hogar
ENUT,p6_6a_4_1,tmodulo,¿Cuánto tiempo le dedicó de lunes a viernes? - HORAS,Limpieza y cuidado de ropa y calzado del hogar
ENUT,p6_6a_4_2,tmodulo,¿Cuánto tiempo le dedicó de lunes a viernes? - MINUTOS,Limpieza y cuidado de ropa y calzado del hogar
ENUT,p6_6a_4_3,tmodulo,¿Cuánto tiempo le dedicó sábado y domingo? - HORAS,Limpieza y cuidado de ropa y calzado del hogar
ENUT,p6_6a_4_4,tmodulo,¿Cuánto tiempo le dedicó sábado y domingo? MINUTOS,Limpieza y cuidado de ropa y calzado del hogar
ENUT,p6_6_5,tmodulo,"Durante la semana pasada, ¿usted limpió, boleó o pintó el calzado? (tenis, huaraches, botas, etcétera)",Limpieza y cuidado de ropa y calzado del hogar
ENUT,p6_6a_5_1,tmodulo,¿Cuánto tiempo le dedicó de lunes a viernes? - HORAS,Limpieza y cuidado de ropa y calzado del hogar
ENUT,p6_6a_5_2,tmodulo,¿Cuánto tiempo le dedicó de lunes a viernes? - MINUTOS,Limpieza y cuidado de ropa y calzado del hogar
ENUT,p6_6a_5_3,tmodulo,¿Cuánto tiempo le dedicó sábado y domingo? - HORAS,Limpieza y cuidado de ropa y calzado del hogar
ENUT,p6_6a_5_4,tmodulo,¿Cuánto tiempo le dedicó sábado y domingo? - MINUTOS,Limpieza y cuidado de ropa y calzado del hogar
ENUT,p6_7_1,tmodulo,"Durante la semana pasada, ¿usted reparó o hizo alguna instalación menor a su vivienda?",Limpieza y cuidado de ropa y calzado del hogar
ENUT,p6_7a_1_1,tmodulo,¿Cuánto tiempo le dedicó de lunes a viernes? - HORAS,Limpieza y cuidado de ropa y calzado del hogar
ENUT,p6_7a_1_2,tmodulo,¿Cuánto tiempo le dedicó de lunes a viernes? - MINUTOS,Limpieza y cuidado de ropa y calzado del hogar
ENUT,p6_7a_1_3,tmodulo,¿Cuánto tiempo le dedicó sábado y domingo? - HORAS,Limpieza y cuidado de ropa y calzado del hogar
ENUT,p6_7a_1_4,tmodulo,¿Cuánto tiempo le dedicó sábado y domingo? - MINUTOS,Limpieza y cuidado de ropa y calzado del hogar
ENUT,p6_7_2,tmodulo,"Durante la semana pasada, ¿usted reparó muebles, juguetes, aparatos domésticos o computadora de su hogar?",Limpieza y cuidado de ropa y calzado del hogar
ENUT,p6_7a_2_1,tmodulo,¿Cuánto tiempo le dedicó de lunes a viernes? - HORAS,Limpieza y cuidado de ropa y calzado del hogar
ENUT,p6_7a_2_2,tmodulo,¿Cuánto tiempo le dedicó de lunes a viernes? - MINUTOS,Limpieza y cuidado de ropa y calzado del hogar
ENUT,p6_7a_2_3,tmodulo,¿Cuánto tiempo le dedicó sábado y domingo? - HORAS,Limpieza y cuidado de ropa y calzado del hogar
ENUT,p6_7a_2_4,tmodulo,¿Cuánto tiempo le dedicó sábado y domingo? - MINUTOS,Limpieza y cuidado de ropa y calzado del hogar
ENUT,p6_7_3,tmodulo,"Durante la semana pasada, ¿usted lavó o limpió algún medio de transporte de su hogar? (bicicleta, moto, camioneta, automóvil)",Limpieza y cuidado de ropa y calzado del hogar
ENUT,p6_7a_3_1,tmodulo,¿Cuánto tiempo le dedicó de lunes a viernes? - HORAS,Limpieza y cuidado de ropa y calzado del hogar
ENUT,p6_7a_3_2,tmodulo,¿Cuánto tiempo le dedicó de lunes a viernes? - MINUTOS,Limpieza y cuidado de ropa y calzado del hogar
ENUT,p6_7a_3_3,tmodulo,¿Cuánto tiempo le dedicó sábado y domingo? - HORAS,Limpieza y cuidado de ropa y calzado del hogar
ENUT,p6_7a_3_4,tmodulo,¿Cuánto tiempo le dedicó sábado y domingo? - MINUTOS,Limpieza y cuidado de ropa y calzado del hogar
ENUT,p6_7_4,tmodulo,"Durante la semana pasada, ¿usted reparó o dio mantenimiento a algún medio de transporte de su hogar? (bicicleta, moto, camioneta, automóvil)",Limpieza y cuidado de ropa y calzado del hogar
ENUT,p6_7a_4_1,tmodulo,¿Cuánto tiempo le dedicó de lunes a viernes? - HORAS,Limpieza y cuidado de ropa y calzado del hogar
ENUT,p6_7a_4_2,tmodulo,¿Cuánto tiempo le dedicó de lunes a viernes? - MINUTOS,Limpieza y cuidado de ropa y calzado del hogar
ENUT,p6_7a_4_3,tmodulo,¿Cuánto tiempo le dedicó sábado y domingo? - HORAS,Limpieza y cuidado de ropa y calzado del hogar
ENUT,p6_7a_4_4,tmodulo,¿Cuánto tiempo le dedicó sábado y domingo? - MINUTOS,Limpieza y cuidado de ropa y calzado del hogar
ENUT,p6_8_1,tmodulo,"Durante la semana pasada, ¿usted buscó o compró refacciones, llantas, herramientas o materiales de construcción, automóvil, casa o terreno?",Compras para el hogar
ENUT,p6_8a_1_1,tmodulo,"Incluyendo el traslado, ¿cuánto tiempo le dedicó de lunes a viernes? - HORAS",Compras para el hogar
ENUT,p6_8a_1_2,tmodulo,"Incluyendo el traslado, ¿cuánto tiempo le dedicó de lunes a viernes? - MINUTOS",Compras para el hogar
ENUT,p6_8a_1_3,tmodulo,"Incluyendo el traslado, ¿cuánto tiempo le dedicó sábado y domingo? - HORAS",Compras para el hogar
ENUT,p6_8a_1_4,tmodulo,"Incluyendo el traslado, ¿cuánto tiempo le dedicó sábado y domingo? - MINUTOS",Compras para el hogar
ENUT,p6_8_2,tmodulo,"Durante la semana pasada, ¿usted buscó o hizo las compras del mandado, la despensa, papelería, medicinas o artículos de limpieza?",Compras para el hogar
ENUT,p6_8a_2_1,tmodulo,"Incluyendo el traslado, ¿cuánto tiempo le dedicó de lunes a viernes? - HORAS",Compras para el hogar
ENUT,p6_8a_2_2,tmodulo,"Incluyendo el traslado, ¿cuánto tiempo le dedicó de lunes a viernes? - MINUTOS",Compras para el hogar
ENUT,p6_8a_2_3,tmodulo,"Incluyendo el traslado, ¿cuánto tiempo le dedicó sábado y domingo? - HORAS",Compras para el hogar
ENUT,p6_8a_2_4,tmodulo,"Incluyendo el traslado, ¿cuánto tiempo le dedicó sábado y domingo? - MINUTOS",Compras para el hogar
ENUT,p6_8_3,tmodulo,"Durante la semana pasada, ¿usted buscó o compró artículos o bienes para su hogar como trastes, manteles, muebles, ropa, calzado u otros?",Compras para el hogar
ENUT,p6_8a_3_1,tmodulo,"Incluyendo el traslado, ¿cuánto tiempo le dedicó de lunes a viernes? - HORAS",Compras para el hogar
ENUT,p6_8a_3_2,tmodulo,"Incluyendo el traslado, ¿cuánto tiempo le dedicó de lunes a viernes? - MINUTOS",Compras para el hogar
ENUT,p6_8a_3_3,tmodulo,"Incluyendo el traslado, ¿cuánto tiempo le dedicó sábado y domingo? - HORAS",Compras para el hogar
ENUT,p6_8a_3_4,tmodulo,"Incluyendo el traslado, ¿cuánto tiempo le dedicó sábado y domingo? - MINUTOS",Compras para el hogar
ENUT,p6_9_1,tmodulo,"Durante la semana pasada, ¿usted hizo pagos o trámites de servicios para su hogar? (incluya si lo hizo por internet) (tenencia, predial, agua, luz, credencial de elector, colegiatura, crédito hipotecario, caja de ahorro, renta, actas, CURP, pasaporte, denuncias, etcétera)",Pagos y trámites para el hogar
ENUT,p6_9a_1_1,tmodulo,"Incluyendo el traslado, ¿cuánto tiempo le dedicó de lunes a viernes? - HORAS",Pagos y trámites para el hogar
ENUT,p6_9a_1_2,tmodulo,"Incluyendo el traslado, ¿cuánto tiempo le dedicó de lunes a viernes? - MINUTOS",Pagos y trámites para el hogar
ENUT,p6_9a_1_3,tmodulo,"Incluyendo el traslado, ¿cuánto tiempo le dedicó sábado y domingo? - HORAS",Pagos y trámites para el hogar
ENUT,p6_9a_1_4,tmodulo,"Incluyendo el traslado, ¿cuánto tiempo le dedicó sábado y domingo? - MINUTOS",Pagos y trámites para el hogar
ENUT,p6_9_2,tmodulo,"Durante la semana pasada, ¿usted llevó los gastos (cuentas) de su hogar?",Pagos y trámites para el hogar
ENUT,p6_9a_2_1,tmodulo,"Incluyendo el traslado, ¿cuánto tiempo le dedicó de lunes a viernes? - HORAS",Pagos y trámites para el hogar
ENUT,p6_9a_2_2,tmodulo,"Incluyendo el traslado, ¿cuánto tiempo le dedicó de lunes a viernes? - MINUTOS",Pagos y trámites para el hogar
ENUT,p6_9a_2_3,tmodulo,"Incluyendo el traslado, ¿cuánto tiempo le dedicó sábado y domingo? - HORAS",Pagos y trámites para el hogar
ENUT,p6_9a_2_4,tmodulo,"Incluyendo el traslado, ¿cuánto tiempo le dedicó sábado y domingo? - MINUTOS",Pagos y trámites para el hogar
ENUT,p6_9_3,tmodulo,"Durante la semana pasada, ¿usted tramitó o cobró algún programa social? (pensión para adultos mayores, tarjeta LICONSA, etcétera)",Pagos y trámites para el hogar
ENUT,p6_9a_3_1,tmodulo,"Incluyendo el traslado, ¿cuánto tiempo le dedicó de lunes a viernes? - HORAS",Pagos y trámites para el hogar
ENUT,p6_9a_3_2,tmodulo,"Incluyendo el traslado, ¿cuánto tiempo le dedicó de lunes a viernes? - MINUTOS",Pagos y trámites para el hogar
ENUT,p6_9a_3_3,tmodulo,"Incluyendo el traslado, ¿cuánto tiempo le dedicó sábado y domingo? - HORAS",Pagos y trámites para el hogar
ENUT,p6_9a_3_4,tmodulo,"Incluyendo el traslado, ¿cuánto tiempo le dedicó sábado y domingo? - MINUTOS",Pagos y trámites para el hogar
ENOE,p3,coe1,"Si…tiene más de un trabajo, hablemos del principal. ¿Cuáles son las tareas o funciones principales que…desempeña en su trabajo?",Contexto laboral
ENOE,p3h,coe1,¿En este trabajo ...,Contexto laboral
ENOE,p5d1,coe1,Horas y minutos o no tiene horario regular de trabajo,Jornada y regularidad laboral
ENOE,p5d_thrs,coe1,Total de horas,Jornada y regularidad laboral
ENOE,p6b1,coe2,¿Cada cuándo obtiene ... sus ingresos o le pagan?,Ingresos y atención médica 
ENOE,p6b2,coe2,Cantidad en pesos,Ingresos y atención médica 
ENOE,r_def,coe1,Resultado definitivo de la entrevista,Identificador
ENOE,cd_a,coe1,Ciudad autorrepresentada,Identificador
ENOE,ent,coe1,Entidad,Identificador
ENOE,con,coe1,Control,Identificador
ENOE,upm,coe1,Unidad primaria de muestreo,Identificador
ENOE,d_sem,coe1,Distribución semanal,Identificador
ENOE,n_pro_viv,coe1,Número progresivo de la vivienda,Identificador
ENOE,v_sel,coe1,Vivienda Seleccionada,Identificador
ENOE,n_hog,coe1,Número de hogar,Identificador
ENOE,h_mud,coe1,Hogar mudado,Identificador
ENOE,n_ent,coe1,Número de entrevista o visita,Identificador
ENOE,per,coe1,Periodo,Identificador
ENOE,n_ren,coe1,Número de renglón,Identificador
ENOE,eda,coe1,Edad,Identificador
ENOE,n_inf,coe1,Renglón del Informante,Identificador
ENUT,gra,tmodulo,¿Hasta qué año o grado aprobó usted en la escuela? - NIVEL,Caracteristicas sociodemográficas
ENUT,niv,tmodulo,¿Hasta qué año o grado aprobó usted en la escuela? - NIVEL,Caracteristicas sociodemográficas
ENUT,p1_7,tvivienda,"¿Esta vivienda tiene excusado, retrete, sanitario, letrina u hoyo negro?",Vivienda
ENUT,p2_5_09,thogar,¿En este hogar tienen automóvil o camioneta propios?,Hogar
ENUT,p2_5_14,thogar,¿En este hogar tienen internet?,Hogar
ENUT,p5_1,tmodulo,"Durante la semana pasada, ¿usted trabajó al menos una hora?",Trabajadores en el hogar
ENUT,p1_3,tvivienda,"¿Cuántos cuartos se usan para dormir, sin contar pasillos?",Vivienda
ENOE,cd_a,coe2,Ciudad autorrepresentada,Identificador
ENOE,ent,coe2,Entidad,Identificador
ENOE,con,coe2,Control,Identificador
ENOE,upm,coe2,Unidad primaria de muestreo,Identificador
ENOE,d_sem,coe2,Distribución semanal,Identificador
ENOE,n_pro_viv,coe2,Número progresivo de la vivienda,Identificador
ENOE,v_sel,coe2,Vivienda Seleccionada,Identificador
ENOE,n_hog,coe2,Número de hogar,Identificador
ENOE,h_mud,coe2,Hogar mudado,Identificador
ENOE,n_ent,coe2,Número de entrevista o visita,Identificador
ENOE,per,coe2,Periodo,Identificador
ENOE,n_ren,coe2,Número de renglón,Identificador
ENOE,eda,coe2,Edad,Identificador
ENOE,n_inf,coe2,Renglón del Informante,Identificador
ENUT,upm,tvivienda,Número de UPM,Identificador
ENUT,viv_sel,tvivienda,Número de vivienda seleccionada,Identificador
